Exam,Question Number,Question,Option A,Option B,Option C,Option D,Correct Answer,Source,Difficulty
Mock Exam 1,1,What is the primary characteristic that distinguishes Fuzzy Logic from Bivalent Logic?,Fuzzy Logic uses only 0s and 1s.,Fuzzy Logic allows for degrees of truth between 0 and 1.,Fuzzy Logic is exclusively used in hardware.,Fuzzy Logic does not handle ambiguity.,B,Lecture_W1L18_Lecture_1__Introduction___Fuzzy_Sets__Logic_and_Sy,Easy
Mock Exam 1,2,"In the context of fuzzy sets, what does a membership value (µ) of 0.7 signify?",The element is 70% outside the set.,The element is 70% a member of the set.,The element is 7% a member of the set.,The element is not a member of the set.,B,Lecture_W1L20_Lecture_3__Fuzzy_Sets_and_Fuzzy_Logic_Toolbox_in_M,Easy
Mock Exam 1,3,Which of the following is NOT a component of a Fuzzy Inference System (FIS)?,Fuzzifier,Inference Engine,Defuzzifier,Crisp Rule Base,D,Lecture_W10L94_Lecture_50__Fuzzy_Inference_System,Easy
Mock Exam 1,4,What is the purpose of a Linguistic Hedge in fuzzy logic?,To define the universe of discourse for a fuzzy set.,To modify the meaning of a primary linguistic term.,To convert a fuzzy set into a crisp value.,To establish the core of a fuzzy set.,B,Lecture_W9L82_Lecture_41__Linguistic_Hedges,Easy
Mock Exam 1,5,Which fuzzy set operation corresponds to the logical 'OR' connective?,Intersection,Complement,Union,Difference,C,Lecture_W3L34_Lecture_11__Set_Theoretic_Operations_on_Fuzzy_Sets,Easy
Mock Exam 1,6,What is the defining characteristic of a Normal Fuzzy Set?,All elements have a membership value of 0.5.,At least one element has a membership value of 1.,All elements have membership values less than 1.,It must be a triangular membership function.,B,Lecture_W1L20_Lecture_3__Fuzzy_Sets_and_Fuzzy_Logic_Toolbox_in_M,Easy
Mock Exam 1,7,What is the primary function of the Fuzzifier component in a Fuzzy Inference System?,To convert fuzzy outputs to crisp values.,To store the fuzzy rules.,To convert crisp input values into fuzzy values.,To perform fuzzy arithmetic operations.,C,Lecture_W10L94_Lecture_50__Fuzzy_Inference_System,Easy
Mock Exam 1,8,"In a Mamdani Fuzzy Model, what type of value is the consequent (THEN part) of a rule?",A crisp numerical value.,A fuzzy set.,A probability distribution.,A Boolean true/false statement.,B,Lecture_W11L98_Lecture_51__Mamdani_Fuzzy_Model__Part_I_,Easy
Mock Exam 1,9,"Which operation is used to model the linguistic hedge ""very""?",Dilation (square root),Negation (1 - µ),Concentration (squaring),Union (max),C,Lecture_W9L82_Lecture_41__Linguistic_Hedges,Easy
Mock Exam 1,10,"What is the main advantage of the TSK Fuzzy Model over the Mamdani model regarding
its output?","TSK models produce a fuzzy set as output, requiring defuzzification.","TSK models directly output a crisp value, bypassing complex defuzzification.","TSK models can handle fuzzy inputs, while Mamdani cannot.","TSK models use only two rules, simplifying the rule base.",B,Lecture_W12L110_Lecture_60__TSK_Fuzzy_Model,Easy
Mock Exam 1,11,"Consider a fuzzy set `A = 0.2/16 + 0.1/17 + 0.5/18 + 1.0/19`. What do the `+` and `/`
symbols represent in this notation?","`+` is arithmetic addition, `/` is division.","`+` denotes a collection of pairs, `/` separates membership value from element.","`+` is a logical OR, `/` is a logical AND.","`+` represents a union, `/` represents an intersection.",B,Lecture_W1L20_Lecture_3__Fuzzy_Sets_and_Fuzzy_Logic_Toolbox_in_M,Medium
Mock Exam 1,12,A fuzzy set `A` has a height of 0.8. What can be concluded about this fuzzy set?,It is a normal fuzzy set.,It is a subnormal fuzzy set.,Its core is non-empty.,It must be a triangular membership function.,B,Lecture_W2L27_Lecture_7__Nomenclatures_used_in_Fuzzy_Set_Theory_,Medium
Mock Exam 1,13,Which of the following properties of classical sets is VIOLATED by fuzzy sets?,Idempotency,Involution,Law of Contradiction,Commutativity,C,Lecture_W3L35_Lecture_12__Properties_of_Fuzzy_Sets__Part_I_,Medium
Mock Exam 1,14,"Given two fuzzy sets `A` and `B`, what is the formula for their fuzzy difference `A \ B`?","`max(µ_A(x), µ_B(x))`","`min(µ_A(x), µ_B(x))`","`min(µ_A(x), 1 - µ_B(x))`","`1 - max(µ_A(x), µ_B(x))`",C,Lecture_W3L34_Lecture_11__Set_Theoretic_Operations_on_Fuzzy_Sets,Medium
Mock Exam 1,15,"In the context of the Mamdani model with multiple antecedents connected by `AND`,
how is the overall firing strength of a rule calculated using Max-Min composition?",By taking the product of individual antecedent firing strengths.,By taking the sum of individual antecedent firing strengths.,By taking the minimum of individual antecedent firing strengths.,By taking the maximum of individual antecedent firing strengths.,C,Lecture_W11L99_Lecture_52__Mamdani_Fuzzy_Model__Part_II_,Medium
Mock Exam 1,16,"What is the key difference in how the Larsen Fuzzy Model generates its output
membership function compared to the Mamdani Fuzzy Model?","Larsen uses a product operator for implication, Mamdani uses min.","Larsen scales the consequent fuzzy set, Mamdani truncates it.","Larsen requires crisp inputs, Mamdani requires fuzzy inputs.","Larsen defuzzifies each rule's output, Mamdani aggregates fuzzy outputs.",B,Lecture_W12L106_Lecture_56__Larsen_Fuzzy_Model__Part_I_,Medium
Mock Exam 1,17,Which of the following is a characteristic of a Fuzzy Number?,It must be subnormal and non-convex.,It must be normal and convex.,It can be any fuzzy set.,Its membership function must be sigmoidal.,B,Lecture_W2L29_Lecture_9__Nomenclatures_used_in_Fuzzy_Set_Theory_,Medium
Mock Exam 1,18,"The Extension Principle resolves conflicts in many-to-one mappings by assigning what
to the target element's membership?",The minimum membership value from all source elements.,The average membership value from all source elements.,The maximum membership value from all source elements.,The sum of membership values from all source elements.,C,Lecture_W7L70_Lecture_35__Extension_Principle,Medium
Mock Exam 1,19,"What are the two essential properties a fuzzy relation must possess to be classified as
a Fuzzy Tolerance Relation?",Transitivity and Symmetry.,Reflexivity and Transitivity.,Reflexivity and Symmetry.,Normality and Convexity.,C,Lecture_W8L76_Lecture_38__Fuzzy_Tolerance_and_Equivalence_Relati,Medium
Mock Exam 1,20,"In the context of fuzzy arithmetic, what is a notable property of fuzzy multiplication (A *",It always results in a fuzzy number.,It is not commutative.,The resulting fuzzy set may not be normal.,It does not propagate uncertainty.,C,Lecture_W5L50_Lecture_21__Arithmetic_Operations_on_Fuzzy_Numbers,Medium
Mock Exam 1,21,"Which of the following statements about the properties of fuzzy relation composition
(max-min) is true?",It is always fully distributive over intersection.,It is not associative.,It is associative and distributes over union.,It is not monotonic.,C,Lecture_W8L75_Lecture_37__Properties_of_Composition_of_Fuzzy_Rel,Medium
Mock Exam 1,22,"When applying a parameterized T-norm from Yager's class, what effect does increasing
the parameter `w` typically have on the resulting membership values of the intersection?","The membership values decrease, making the intersection stricter.","The membership values increase, making the intersection less strict.",The membership values remain unchanged.,The effect is unpredictable and depends on the specific input values.,B,Lecture_W6L58_Lecture_26__Parameterized_T_Norm_Operators,Medium
Mock Exam 1,23,"Given a fuzzy set `A` and its complement `A'`, why does the Law of Excluded Middle (`A
∪ A' = X`) fail for fuzzy sets?","Because `min(µ_A(x), 1 - µ_A(x))` is always greater than 0.","Because `max(µ_A(x), 1 - µ_A(x))` is not always 1.",Because fuzzy sets are always subnormal.,Because the union operation uses the product instead of max.,B,Lecture_W3L35_Lecture_12__Properties_of_Fuzzy_Sets__Part_I_,Hard
Mock Exam 1,24,"A fuzzy relation `R` is reflexive and symmetric. To confirm it is a Fuzzy Equivalence
Relation, what additional property must it satisfy, and how is it mathematically defined?","Normality: `max(µ_R(x,y)) = 1`.","Convexity: `µ_R(λx1 + (1-λ)x2) ≥ min(µ_R(x1), µ_R(x2))`.","Transitivity: `µ_R(x,k) ≥ min(µ_R(x,j), µ_R(j,k))`.",Idempotency: `R ∪ R = R`.,C,Lecture_W8L77_Lecture_39__Fuzzy_Tolerance_and_Equivalence_Relati,Hard
Mock Exam 1,25,"You are calculating the fuzzy distance `d(A,",", µ_B(x_",)` for all contributing pairs.,By taking the `max` of all `min(µ_A(x_,By averaging the `min(µ_A(x_,C,Lecture_W4L43_Lecture_17__Distance_between_Fuzzy_Sets__Part_I_,Hard
Mock Exam 1,26,"The TSK Fuzzy Model is characterized by a fuzzy premise and a crisp consequent.
What is the nature of this crisp consequent in a First-Order TSK model?",It is always a constant value.,It is a fuzzy set that requires defuzzification.,It is a polynomial function of the input variables.,It is a monotonic membership function.,C,Lecture_W12L110_Lecture_60__TSK_Fuzzy_Model,Hard
Mock Exam 1,27,Why does the property `A ∪ (A' ∩,Because fuzzy union uses the `min` operator.,Because the Law of Contradiction is violated.,Because the Law of Excluded Middle is violated.,Because fuzzy sets are not commutative.,C,Lecture_W3L38_Lecture_15__Properties_of_Fuzzy_Sets__Part_IV_,Hard
Mock Exam 1,28,"What is the defining characteristic of the Tsukamoto Fuzzy Model's consequent part in
its rules?",It is a crisp polynomial function of input variables.,It is a fuzzy set with a monotonically increasing or decreasing membership function.,It is always a constant value.,It is a trapezoidal membership function.,B,Lecture_W12L109_Lecture_59__Tsukamoto_Fuzzy_Model,Hard
Mock Exam 1,29,"Given a fuzzy set `A = {0.5/1, 1.0/2, 0.5/3}` and `B = {0.5/1, 1.0/2, 0.5/3}`. If `C = A * B`
(fuzzy multiplication) is computed with a Universe of Discourse `UoD = [1, 3]`, which of the
following statements is most likely true about `C`?",`C` will be a normal fuzzy number.,`C` will be a subnormal fuzzy set.,`C` will be a fuzzy singleton.,`C` will be identical to `A`.,B,Lecture_W5L50_Lecture_21__Arithmetic_Operations_on_Fuzzy_Numbers,Hard
Mock Exam 1,30,What is the primary purpose of **cylindrical extension** in fuzzy relational calculus?,To reduce the dimensionality of a fuzzy relation.,To convert a fuzzy set into a crisp value.,"To expand a fuzzy set into a higher-dimensional space, making it independent of new dimensions.",To find the transitive closure of a fuzzy relation.,C,Lecture_W7L67_Lecture_32__Cylindrical_Extension_of_Fuzzy_Set,Hard
Mock Exam 2,1,What is the core characteristic of Fuzzy Logic that distinguishes it from Bivalent Logic?,It only deals with precise numerical values.,It allows for degrees of truth between 0 and 1.,It is strictly limited to ON/OFF states.,It is a form of Boolean algebra.,B,Lecture_W1L18_Lecture_1__Introduction___Fuzzy_Sets__Logic_and_Sy,Easy
Mock Exam 2,2,What is the typical range of a membership value (µ) for an element in a fuzzy set?,"{0, 1}","[0, 1]","(-∞, +∞)","[0, 100]",B,Lecture_W1L20_Lecture_3__Fuzzy_Sets_and_Fuzzy_Logic_Toolbox_in_M,Easy
Mock Exam 2,3,"Which MATLAB Toolbox component serves as the central environment for building
fuzzy models?",Simulink Blocks,M-Files,Fuzzy Inference System (FIS),Data Clustering,C,Lecture_W1L21_Lecture_4__Fuzzy_Sets_and_Fuzzy_Logic_Toolbox_in_M,Easy
Mock Exam 2,4,"Which standard membership function is defined by three points, forming a triangle, and
is computationally efficient?",Trapezoidal Membership Function,Gaussian Membership Function,Triangular Membership Function,Sigmoidal Membership Function,C,Lecture_W1L22_Lecture_5__Membership_Functions__Part_I_,Easy
Mock Exam 2,5,What is the definition of the 'Core' of a fuzzy set A?,The set of all elements x for which µA(x) > 0.,The set of all elements x for which µA(x) < 1.,The set of all elements x for which µA(x) = 1.,The set of all elements x for which µA(x) = 0.5.,C,Lecture_W2L27_Lecture_7__Nomenclatures_used_in_Fuzzy_Set_Theory_,Easy
Mock Exam 2,6,What is a 'Fuzzy Singleton'?,A fuzzy set where all elements have a membership value of 1.,"A fuzzy set where only one element has a non-zero membership value, and that value is exactly 1.",A fuzzy set with a height less than 1.,A fuzzy set that is both normal and convex.,B,Lecture_W2L28_Lecture_8__Nomenclatures_used_in_Fuzzy_Set_Theory_,Easy
Mock Exam 2,7,What mathematical operator is typically used for Fuzzy Union (A ∪,min,max,product,sum,B,Lecture_W2L30_Lecture_10__Set_Theoretic_Operations_on_Fuzzy_Sets,Easy
Mock Exam 2,8,What operation do T-norm operators primarily model in fuzzy logic?,Fuzzy Union (OR),Fuzzy Intersection (AN,Fuzzy Complement (NOT),Fuzzy Difference,B,Lecture_W5L53_Lecture_24__T_norm_Operators,Easy
Mock Exam 2,9,What operation do S-norm operators primarily model in fuzzy logic?,Fuzzy Union (OR),Fuzzy Intersection (AN,Fuzzy Complement (NOT),Fuzzy Difference,A,Lecture_W5L54_Lecture_25__S_norm_Operators,Easy
Mock Exam 2,10,What is the primary purpose of a 'Linguistic Hedge' in fuzzy logic?,To define the universe of discourse for a fuzzy set.,To convert a fuzzy set into a crisp value.,"To modify a primary linguistic term, like 'very' or 'more or less'.",To combine two fuzzy sets using logical AND or OR.,C,Lecture_W9L82_Lecture_41__Linguistic_Hedges,Easy
Mock Exam 2,11,"Which type of uncertainty is NOT primarily addressed by fuzzy logic, but rather by
probability theory?",Ambiguity,Imprecision,Vagueness,Randomness,D,Lecture_W1L18_Lecture_1__Introduction___Fuzzy_Sets__Logic_and_Sy,Medium
Mock Exam 2,12,"How is a discrete fuzzy set typically represented using the '+' symbol in standard
notation?",As an arithmetic sum of membership values.,As a logical OR operation between elements.,"As an aggregator for element-membership pairs, not an arithmetic operator.",As a concatenation of string representations.,C,Lecture_W1L20_Lecture_3__Fuzzy_Sets_and_Fuzzy_Logic_Toolbox_in_M,Medium
Mock Exam 2,13,"What is the primary characteristic that distinguishes the Larsen Fuzzy Model from the
Mamdani Fuzzy Model in terms of how they generate the output fuzzy set?","Larsen uses a crisp consequent, while Mamdani uses a fuzzy consequent.","Larsen scales the consequent fuzzy set, while Mamdani truncates (clips) it.","Larsen uses product for AND, while Mamdani uses min for AND.","Larsen requires defuzzification, while Mamdani does not.",B,Lecture_W12L106_Lecture_56__Larsen_Fuzzy_Model__Part_I_,Medium
Mock Exam 2,14,What is the primary purpose of Contrast Intensification (INT) in fuzzy logic?,To increase the fuzziness of a set by pushing values towards 0.5.,To reduce the fuzziness of a set by pushing membership values towards 0 or 1.,To calculate the complement of a fuzzy set.,To combine two fuzzy sets using a T-norm operator.,B,Lecture_W10L90_Lecture_46__Contrast_Intensification_of_Fuzzy_Sets,Medium
Mock Exam 2,15,What is the core condition for a term set `T(x)` to be considered 'orthogonal'?,All fuzzy sets in the term set must be subnormal.,"For any element x, the sum of its membership grades across all fuzzy sets in the term set is exactly 1.",Each fuzzy set in the term set must be a fuzzy singleton.,The intersection of any two fuzzy sets in the term set must be an empty set.,B,Lecture_W10L91_Lecture_47__Orthogonality_of_Fuzzy_Sets,Medium
Mock Exam 2,16,What is the function of the 'Fuzzifier' component in a Fuzzy Inference System (FIS)?,It applies fuzzy logic rules to generate an output.,It converts the aggregated fuzzy output into a crisp numerical value.,It stores the collection of IF-THEN rules.,It converts a crisp input value into a fuzzy value by determining its degree of membership.,D,Lecture_W10L94_Lecture_50__Fuzzy_Inference_System,Medium
Mock Exam 2,17,"In a Mamdani Fuzzy Model, when a rule has multiple antecedents connected by an
'AND' operator, what operator is typically used for 'antecedent aggregation' to determine the
rule's overall firing strength?",max,sum,product,min,D,Lecture_W11L100_Lecture_53__Mamdani_Fuzzy_Model__Part_III_,Medium
Mock Exam 2,18,Which of the following classical set properties is UPHELD in fuzzy set theory?,Law of Contradiction,Law of Excluded Middle,Idempotency,Absorption of Complement,C,Lecture_W3L35_Lecture_12__Properties_of_Fuzzy_Sets__Part_I_,Medium
Mock Exam 2,19,"Which of De Morgan's Laws states that the complement of the union of two fuzzy sets
is equivalent to the intersection of their individual complements?",(A ∩,= A,A ∪ (A ∩,A ∩ (A ∪,B,Lecture_W4L42_Lecture_16__Properties_of_Fuzzy_Sets__Part_V_,Medium
Mock Exam 2,20,"How is the membership value for an ordered pair (x, y) in a Fuzzy Cartesian Product (A
×","µA×B(x, y) = µA(x) + µB(y)","µA×B(x, y) = max(µA(x), µB(y))","µA×B(x, y) = min(µA(x), µB(y))","µA×B(x, y) = µA(x) * µB(y)",C,Lecture_W6L61_Lecture_29__Fuzzy_Relation__Part_II_,Medium
Mock Exam 2,21,"What is the primary purpose of 'Projection' in fuzzy logic when applied to a fuzzy
relation?",To increase the dimensionality of the relation.,"To combine two relations into a single, more complex one.",To reduce the dimensionality of a fuzzy relation by summarizing along one or more dimensions.,To convert a fuzzy relation into a crisp relation.,C,Lecture_W7L66_Lecture_31__Projection_of_Fuzzy_Relation_Set,Medium
Mock Exam 2,22,"What is the core rule for calculating the membership value during 'Cylindrical
Extension' of a fuzzy set A from its original universe X into a larger Cartesian product space
X x Y?","(x,y) = µA(x) * µA(y)",µC(,µC(,µC(,C,Lecture_W7L67_Lecture_32__Cylindrical_Extension_of_Fuzzy_Set,Medium
Mock Exam 2,23,"What is the mathematical formula for Contrast Intensification (INT) for membership
values µA(x) ∈ [0, 0.5]?",(x) = √µA(x),µ_INT(,µ_INT(,µ_INT(,C,Lecture_W10L90_Lecture_46__Contrast_Intensification_of_Fuzzy_Sets,Hard
Mock Exam 2,24,"If a term set T(x) = {t1, t2, t3} is orthogonal, and fuzzy sets t1 and t2 are known, how is
the membership function for the unknown set t3 derived?",µ_t3(x) = µ_t1(x) + µ_t2(x),"µ_t3(x) = min(µ_t1(x), µ_t2(x))",µ_t3(x) = 1 - (µ_t1(x) + µ_t2(x)),"µ_t3(x) = max(µ_t1(x), µ_t2(x))",C,Lecture_W10L91_Lecture_47__Orthogonality_of_Fuzzy_Sets,Hard
Mock Exam 2,25,"Which interpretation of a fuzzy rule ('IF x is A THEN y is B') is based on logical
implication, defining the relationship with formulas derived from classical and extended
logic, such as `¬A ∪ B`?",A coupled with B,A correlated with B,A entails B,A combined with B,C,Lecture_W10L93_Lecture_49__Fuzzy_Rules_and_Fuzzy_Reasoning__Part_,Hard
Mock Exam 2,26,"What is the defining characteristic of the consequent part of a rule in the Tsukamoto
Fuzzy Model?",It is always a crisp numerical value.,It is a fuzzy set with a monotonically increasing or decreasing membership function.,It is a fuzzy set that is truncated by the firing strength.,It is a linear polynomial function of the input variables.,B,Lecture_W12L109_Lecture_59__Tsukamoto_Fuzzy_Model,Hard
Mock Exam 2,27,"What is the key innovation of the TSK (Takagi-Sugeno-Kang) Fuzzy Model regarding its
consequent part?",The consequent is always a fuzzy set that is scaled by the firing strength.,The consequent is a crisp mathematical polynomial function of the input variables.,The consequent is a fuzzy set with a monotonic membership function.,"The consequent is always a single, crisp constant value.",B,Lecture_W12L110_Lecture_60__TSK_Fuzzy_Model,Hard
Mock Exam 2,28,"Which of the following absorption properties involving complements is NOT upheld in
fuzzy set theory?",A ∪ (A ∩,= A ∪ B,(A')' = A,A ∪ (A' ∩,D,Lecture_W3L38_Lecture_15__Properties_of_Fuzzy_Sets__Part_IV_,Hard
Mock Exam 2,29,"In the Extension Principle, if multiple elements from the source fuzzy set (",It is the sum of the membership values of all source elements mapping to y*.,It is the minimum of the membership values of all source elements mapping to y*.,It is the product of the membership values of all source elements mapping to y*.,It is the maximum of the membership values of all source elements mapping to y*.,D,Lecture_W7L70_Lecture_35__Extension_Principle,Hard
Mock Exam 2,30,"What is the mathematical condition for 'Transitivity' in a fuzzy relation R, for all
elements x, j, k in the set X?","µ_R(x, j) = µ_R(j, x)","µ_R(x, x) = 1","µ_R(x, k) ≥ min(µ_R(x, j), µ_R(j, k))","µ_R(x, k) = max(µ_R(x, j), µ_R(j, k))",C,Lecture_W8L77_Lecture_39__Fuzzy_Tolerance_and_Equivalence_Relati,Hard
Mock Exam 3,1,"Which of the following best describes the core difference between fuzzy logic and
bivalent logic?","Fuzzy logic uses only 0s and 1s, while bivalent logic uses real numbers.","Fuzzy logic allows for degrees of truth between 0 and 1, while bivalent logic is strictly true (1) or false
(0).",Fuzzy logic is a subset of bivalent logic.,"Bivalent logic handles ambiguity, imprecision, and vagueness better than fuzzy logic.",B,Lecture_W1L18_Lecture_1__Introduction___Fuzzy_Sets__Logic_and_Sy,Easy
Mock Exam 3,2,"In the notation for a discrete fuzzy set, such as `A = 0.2/16 + 0.1/17`, what do the `+` and
`/` symbols represent?","`+` is arithmetic addition, `/` is arithmetic division.","`+` denotes a collection or union of pairs, `/` is a separator between membership value and element.","`+` is a logical OR, `/` is a logical AND.","`+` signifies concatenation, `/` indicates a ratio.",B,Lecture_W1L20_Lecture_3__Fuzzy_Sets_and_Fuzzy_Logic_Toolbox_in_M,Easy
Mock Exam 3,3,A fuzzy set where at least one element has a membership value of 1 is called a(n):,Subnormal Fuzzy Set,Normal Fuzzy Set,Crisp Set,Empty Set,B,Lecture_W1L20_Lecture_3__Fuzzy_Sets_and_Fuzzy_Logic_Toolbox_in_M,Easy
Mock Exam 3,4,Which of the following is NOT a standard membership function introduced in Lecture 5?,Triangular Membership Function,Square Membership Function,Gaussian Membership Function,Sigmoidal Membership Function,B,Lecture_W1L22_Lecture_5__Membership_Functions__Part_I_,Easy
Mock Exam 3,5,What is the definition of the 'Core' of a fuzzy set A?,The set of all elements x for which µA(x) > 0.,The set of all elements x for which µA(x) = 0.5.,The set of all elements x for which µA(x) = 1.,The maximum membership value achieved by any element in A.,C,Lecture_W2L27_Lecture_7__Nomenclatures_used_in_Fuzzy_Set_Theory_,Easy
Mock Exam 3,6,"What is the result of the fuzzy complement operation on a membership value µA(x) =
0.7?",0.7,0.3,1.0,0.0,B,Lecture_W2L29_Lecture_9__Nomenclatures_used_in_Fuzzy_Set_Theory_,Easy
Mock Exam 3,7,Which operator is typically used for Fuzzy Union (A ∪,min,max,product,sum,B,Lecture_W3L34_Lecture_11__Set_Theoretic_Operations_on_Fuzzy_Sets,Easy
Mock Exam 3,8,Which of the following properties holds true for fuzzy sets?,Law of Contradiction,Law of Excluded Middle,Idempotency,Absorption of Complement for Union,C,Lecture_W3L35_Lecture_12__Properties_of_Fuzzy_Sets__Part_I_,Easy
Mock Exam 3,9,"What is the primary purpose of the Fuzzifier component in a Fuzzy Inference System
(FIS)?",To convert fuzzy outputs into crisp numerical values.,To apply fuzzy logic rules to fuzzified inputs.,To convert crisp input values into fuzzy values (membership degrees).,To store the collection of IF-THEN rules.,C,Lecture_W10L94_Lecture_50__Fuzzy_Inference_System,Easy
Mock Exam 3,10,"In the Mamdani Fuzzy Model, if a rule states 'IF x is A AND y is B THEN z is C', and the
'AND' connective is implemented using the `min` operator, how is the overall firing strength
calculated?",By summing the membership values of A and B.,By taking the product of the membership values of A and B.,By taking the minimum of the membership values of A and B.,By taking the maximum of the membership values of A and B.,C,Lecture_W11L101_Lecture_54__Example_on_Mamdani_Fuzzy_Model_for_Sin,Easy
Mock Exam 3,11,"A fuzzy set `A` is given as `{(5, 0.1), (6, 0.5), (7, 0.8), (9, 1.0), (10, 0.7), (11, 0.3)}`. What is
the Support of this fuzzy set?",{9},"{5, 6, 7, 9, 10, 11}",{6},{1.0},B,Lecture_W2L27_Lecture_7__Nomenclatures_used_in_Fuzzy_Set_Theory_,Medium
Mock Exam 3,12,"Given fuzzy sets A = `{ (1, 0.2), (2, 0.5), (3, 0.9) }` and B = `{ (1, 0.3), (2, 0.5), (3, 0.4) }`, is A
a subset of B (A ⊆","Yes, because 0.2 ≤ 0.3 and 0.5 ≤ 0.5.","No, because at x=3, µA(3) = 0.9 which is not ≤ µB(3) = 0.4.","Yes, because they share common elements.","No, because they are not equal.",B,Lecture_W2L29_Lecture_9__Nomenclatures_used_in_Fuzzy_Set_Theory_,Medium
Mock Exam 3,13,"Which of the following algebraic properties of fuzzy sets is NOT preserved when using
standard `min` for intersection and `max` for union?",Commutativity of Union,Associativity of Intersection,Distributivity of Union over Intersection,Absorption of Complement for Union,D,Lecture_W3L38_Lecture_15__Properties_of_Fuzzy_Sets__Part_IV_,Medium
Mock Exam 3,14,"The distance between two fuzzy sets, A and B, is itself a fuzzy set. How is the
membership grade µd(A,",", µB(x",where δ = |xA - xB|.,As max { min(µA(x,As min { max(µA(x,C,Lecture_W4L43_Lecture_17__Distance_between_Fuzzy_Sets__Part_I_,Medium
Mock Exam 3,15,When performing fuzzy multiplication (A *,They must always be positive.,They must be integers.,They must fall within the predefined Universe of Discourse (Uo,They must be greater than 1.,C,Lecture_W5L50_Lecture_21__Arithmetic_Operations_on_Fuzzy_Numbers,Medium
Mock Exam 3,16,Which of the following is a key characteristic of the Tsukamoto Fuzzy Model?,Its consequent part is always a crisp mathematical polynomial function.,It requires a complex defuzzification step using Centroid of Area.,"The consequent of each rule is a fuzzy set with a monotonically increasing or decreasing membership
function.","It exclusively accepts fuzzy inputs, not crisp ones.",C,Lecture_W12L109_Lecture_59__Tsukamoto_Fuzzy_Model,Medium
Mock Exam 3,17,"In the TSK Fuzzy Model, what is the nature of the consequent part of an IF-THEN rule?",It is always a fuzzy set.,It is a crisp mathematical polynomial function of the input variables.,It is a monotonically increasing or decreasing fuzzy set.,It is a linguistic hedge.,B,Lecture_W12L110_Lecture_60__TSK_Fuzzy_Model,Medium
Mock Exam 3,18,"What is the primary difference in how the Larsen Fuzzy Model generates its output
membership function compared to the Mamdani Fuzzy Model?","Larsen uses max-min composition, while Mamdani uses max-product.","Larsen scales the consequent fuzzy set by the firing strength, while Mamdani truncates (clips) it.","Larsen produces a crisp output, while Mamdani produces a fuzzy output.","Larsen only works with fuzzy inputs, while Mamdani works with crisp inputs.",B,Lecture_W12L106_Lecture_56__Larsen_Fuzzy_Model__Part_I_,Medium
Mock Exam 3,19,"Which property ensures that the order of composition in a three-relation chain doesn't
matter, i.e., (R o S1) o T = R o (S1 o T)?",Distributivity,Commutativity,Associativity,Monotonicity,C,Lecture_W8L75_Lecture_37__Properties_of_Composition_of_Fuzzy_Rel,Medium
Mock Exam 3,20,"A fuzzy relation R is considered a Fuzzy Tolerance Relation if it satisfies which two
properties?",Reflexivity and Transitivity,Symmetry and Transitivity,Reflexivity and Symmetry,Anti-reflexivity and Anti-symmetry,C,Lecture_W8L76_Lecture_38__Fuzzy_Tolerance_and_Equivalence_Relati,Medium
Mock Exam 3,21,"What is the mathematical operation for the linguistic hedge 'very' when applied to a
fuzzy set A?",µ_very_A(x) = √µ_A(x),µ_very_A(x) = 1 - µ_A(x),µ_very_A(x) = [µ_A(x)]²,µ_very_A(x) = µ_A(x) + 0.5,C,Lecture_W9L82_Lecture_41__Linguistic_Hedges,Medium
Mock Exam 3,22,"Contrast Intensification (INT) is an operation designed to reduce the fuzziness of a set.
For membership values µA(x) in the range [0, 0.5], what is the formula for µ_INT(",(x) = √µA(x),µ_INT(,µ_INT(,µ_INT(,B,Lecture_W10L90_Lecture_46__Contrast_Intensification_of_Fuzzy_Sets,Medium
Mock Exam 3,23,"Given two fuzzy sets A = `{0.7/1, 0.5/2}` and B = `{0.1/1, 0.8/2}`. If Yager's T-norm with
parameter `w = 1` is used to find their intersection, what is the membership value for x=1?",0.7,0.1,0,0.07,C,Lecture_W6L58_Lecture_26__Parameterized_T_Norm_Operators,Hard
Mock Exam 3,24,A fuzzy set is defined as a 'Fuzzy Number' if it satisfies which two conditions?,It is symmetric and has a bandwidth of 1.,It is normal and convex.,Its support is finite and its core is non-empty.,It is an Open Left or Open Right set.,B,Lecture_W2L28_Lecture_8__Nomenclatures_used_in_Fuzzy_Set_Theory_,Hard
Mock Exam 3,25,"The Law of Contradiction (`A ∩ A' = ∅`) and the Law of Excluded Middle (`A ∪ A' = X`)
are both violated in fuzzy set theory. What is the primary reason for these violations?","Fuzzy sets use only discrete elements, unlike crisp sets.","Fuzzy sets allow for partial membership, representing 'gray areas' where elements can partially
belong to both a set and its complement.",Fuzzy sets do not have complements defined.,Fuzzy sets always have a height less than 1.,B,Lecture_W3L35_Lecture_12__Properties_of_Fuzzy_Sets__Part_I_,Hard
Mock Exam 3,26,"When performing fuzzy arithmetic, such as (A +",Fuzzy arithmetic is commutative.,The Extension Principle is flawed for complex operations.,Standard algebraic identities from crisp mathematics do not automatically apply to fuzzy numbers.,The Universe of Discourse was incorrectly defined.,C,Lecture_W5L52_Lecture_23__Arithmetic_Operations_on_Fuzzy_Numbers,Hard
Mock Exam 3,27,"Which of the following is NOT an axiom that a function must satisfy to be considered a
valid T-norm operator?","Boundary: T(a, 1) = a and T(a, 0) = 0.","Commutativity: T(a, b) = T(b, a).","Distributivity: T(a, T(b, c)) = T(T(a, b), T(a, c)).","Associativity: T(a, T(b, c)) = T(T(a, b), c).",C,Lecture_W5L53_Lecture_24__T_norm_Operators,Hard
Mock Exam 3,28,"Given a fuzzy relation R (on X×Y) and S (on Y×Z), what is the relationship between R o
(S1 ∩ S2) and (R o S1) ∩ (R o S2) in max-min composition?",R o (S1 ∩ S2) = (R o S1) ∩ (R o S2),R o (S1 ∩ S2) ⊃ (R o S1) ∩ (R o S2),R o (S1 ∩ S2) ⊆ (R o S1) ∩ (R o S2),There is no consistent relationship between them.,C,Lecture_W8L75_Lecture_37__Properties_of_Composition_of_Fuzzy_Rel,Hard
Mock Exam 3,29,"A fuzzy relation R is a Fuzzy Equivalence Relation if it is reflexive, symmetric, and
transitive. What is the condition for transitivity?","µ_R(x, k) = µ_R(k, x) for all x, k.","µ_R(x, x) = 1 for all x.","µ_R(x, k) ≥ max(µ_R(x, j), µ_R(j, k)) for all x, j, k.","µ_R(x, k) ≥ min(µ_R(x, j), µ_R(j, k)) for all x, j, k.",D,Lecture_W8L77_Lecture_39__Fuzzy_Tolerance_and_Equivalence_Relati,Hard
Mock Exam 3,30,"To transform a Fuzzy Tolerance Relation R into a Fuzzy Equivalence Relation, the
process involves iterative self-composition (R² = R o R, R³ = R² o R, etc.) using the max-min
composition operator. This process is guaranteed to find the transitive closure in at most
how many compositions, where n is the number of elements in the set?",n,n/2,n-1,2n,C,Lecture_W8L78_Lecture_40__Fuzzy_Tolerance_and_Equivalence_Relati,Hard
Mock Exam 4,1,Which of the following best describes Fuzzy Logic?,A form of bivalent logic where propositions are strictly true or false.,A form of multi-valued logic allowing for degrees of truth between 0 and 1.,A system primarily used for modeling randomness and probability.,A subset of Machine Learning focused on deep neural networks.,B,Lecture_W1L18_Lecture_1__Introduction___Fuzzy_Sets__Logic_and_Sy,Easy
Mock Exam 4,2,"In the context of fuzzy sets, what does the notation `A = 0.2/16 + 0.1/17` signify?",An arithmetic sum where 0.2 is added to 16 and 0.1 is added to 17.,A collection of ordered pairs where 16 has a membership of 0.2 and 17 has a membership of 0.1.,"A division operation where 0.2 is divided by 16, and 0.1 by 17.",A continuous fuzzy set where the integral of membership values is calculated.,B,Lecture_W1L20_Lecture_3__Fuzzy_Sets_and_Fuzzy_Logic_Toolbox_in_M,Medium
Mock Exam 4,3,"Which MATLAB Fuzzy Logic Toolbox component is used for building fuzzy models
where the output is a fuzzy set?",`sugfis`,`genfis`,`mamfis`,`trimf`,C,Lecture_W1L21_Lecture_4__Fuzzy_Sets_and_Fuzzy_Logic_Toolbox_in_M,Easy
Mock Exam 4,4,A fuzzy set where at least one element has a membership value of 1 is called a:,Subnormal Fuzzy Set,Normal Fuzzy Set,Crisp Set,Singleton Fuzzy Set,B,Lecture_W1L20_Lecture_3__Fuzzy_Sets_and_Fuzzy_Logic_Toolbox_in_M,Easy
Mock Exam 4,5,"What is the primary purpose of the Contrast Intensification (INT) operation in fuzzy
logic?",To increase the fuzziness of a set by pushing values towards 0.5.,To reduce the fuzziness of a set by pushing membership values towards 0 or 1.,To calculate the complement of a fuzzy set.,To combine two fuzzy sets using a T-norm operator.,B,Lecture_W10L90_Lecture_46__Contrast_Intensification_of_Fuzzy_Sets,Easy
Mock Exam 4,6,Which of the following is NOT a component of a Fuzzy Inference System (FIS)?,Fuzzifier,Inference Engine,Defuzzifier,Probability Calculator,D,Lecture_W10L94_Lecture_50__Fuzzy_Inference_System,Easy
Mock Exam 4,7,"In a Mamdani Fuzzy Model, if a rule has multiple antecedents connected by 'AND', how is
the overall firing strength typically calculated?",By taking the maximum of the individual antecedent firing strengths.,By taking the sum of the individual antecedent firing strengths.,By taking the minimum of the individual antecedent firing strengths.,By taking the average of the individual antecedent firing strengths.,C,Lecture_W11L100_Lecture_53__Mamdani_Fuzzy_Model__Part_III_,Medium
Mock Exam 4,8,"What is the key difference in how the Larsen Fuzzy Model generates its output
membership function compared to the Mamdani Fuzzy Model?","Larsen uses defuzzification, while Mamdani does not.","Larsen scales the consequent fuzzy set, while Mamdani truncates (clips) it.","Larsen only accepts crisp inputs, while Mamdani accepts fuzzy inputs.","Larsen uses a weighted average for aggregation, while Mamdani uses max-min composition.",B,Lecture_W12L106_Lecture_56__Larsen_Fuzzy_Model__Part_I_,Medium
Mock Exam 4,9,What is the defining characteristic of the Tsukamoto Fuzzy Model's consequent part?,It is always a crisp numerical value.,It is a fuzzy set with a monotonically increasing or decreasing membership function.,It is a polynomial function of the input variables.,It is a fuzzy set that is truncated by the firing strength.,B,Lecture_W12L109_Lecture_59__Tsukamoto_Fuzzy_Model,Medium
Mock Exam 4,10,Which of the following is a key feature of the TSK (Takagi-Sugeno-Kang) Fuzzy Model?,Both the premise and consequent parts are fuzzy sets.,It exclusively accepts fuzzy values as inputs.,The consequent part is a crisp mathematical polynomial function of the input variables.,It requires a complex defuzzification step similar to the Mamdani model.,C,Lecture_W12L110_Lecture_60__TSK_Fuzzy_Model,Medium
Mock Exam 4,11,"Which membership function is best suited for modeling concepts with a core range of
values that are all fully and equally true, with gradual fall-offs on either side?",Triangular Membership Function,Sigmoidal Membership Function,Pi-Shaped (π■) Function,Open Right Function,C,Lecture_W2L26_Lecture_6__Membership_Functions__Part_II_,Medium
Mock Exam 4,12,"For a fuzzy set A, its 'Core' is defined as the set of all elements x for which µA(x) is:",Greater than 0,Equal to 0.5,Equal to 1,Less than 1,C,Lecture_W2L27_Lecture_7__Nomenclatures_used_in_Fuzzy_Set_Theory_,Easy
Mock Exam 4,13,"What is the result of applying a Strong Alpha-Cut (Aα+) to a fuzzy set A at a threshold
α?",A fuzzy set of all elements x where µA(x) ≥ α.,A crisp set of all elements x where µA(x) ≥ α.,A crisp set of all elements x where µA(x) > α.,A fuzzy set of all elements x where µA(x) > α.,C,Lecture_W2L28_Lecture_8__Nomenclatures_used_in_Fuzzy_Set_Theory_,Medium
Mock Exam 4,14,A fuzzy set is considered a 'Fuzzy Number' if it satisfies which two conditions?,It is subnormal and convex.,It is normal and non-convex.,It is normal and convex.,It is subnormal and non-convex.,C,Lecture_W2L29_Lecture_9__Nomenclatures_used_in_Fuzzy_Set_Theory_,Easy
Mock Exam 4,15,"Given fuzzy sets A and B, the fuzzy union (A ∪","`min(µA(x), µB(x))`","`max(µA(x), µB(x))`",`1 - µA(x)`,`µA(x) * µB(x)`,B,Lecture_W3L34_Lecture_11__Set_Theoretic_Operations_on_Fuzzy_Sets,Easy
Mock Exam 4,16,Which classical law of set theory is VIOLATED by fuzzy sets?,Law of Involution,Law of Idempotency,Law of Contradiction,Law of Commutativity,C,Lecture_W3L35_Lecture_12__Properties_of_Fuzzy_Sets__Part_I_,Medium
Mock Exam 4,17,"Which of the following properties holds true for fuzzy sets using standard `max` and
`min` operators?",Absorption of Complement for Union: `A ∪ (A' ∩,∩ (A ∪,`,Law of Contradiction: `A ∩ A' = ∅`,C,Lecture_W3L37_Lecture_14__Properties_of_Fuzzy_Sets__Part_III_,Hard
Mock Exam 4,18,"The distance between two fuzzy sets A and B, `d(A,",A crisp number,A fuzzy set,An empty set,A probability distribution,B,Lecture_W4L43_Lecture_17__Distance_between_Fuzzy_Sets__Part_I_,Easy
Mock Exam 4,19,When performing fuzzy multiplication (C = A *,The resulting fuzzy set must be normal.,The resulting fuzzy set must be convex.,Each new generic variable `x_C` must fall within the predefined Universe of Discourse (Uo,The operation must be commutative.,C,Lecture_W5L50_Lecture_21__Arithmetic_Operations_on_Fuzzy_Numbers,Medium
Mock Exam 4,20,"Which of the following algebraic identities, true for crisp numbers, does NOT hold true
for fuzzy numbers?",`A + B = B + A`,² = A² + 2AB + B²`,`(A +,`A - B ≠ B - A`,C,Lecture_W5L51_Lecture_22__Arithmetic_Operations_on_Fuzzy_Numbers,Hard
Mock Exam 4,21,"What are the two fundamental axioms that any function `c` must satisfy to be
considered a valid fuzzy complement operator?",Commutativity and Associativity.,"Boundary Conditions (`c(0)=1, c(1)=0`) and Monotonicity.",Idempotency and Involution.,Distributivity and Absorption.,B,Lecture_W5L52_Lecture_23__Complement_of_Fuzzy_Sets,Medium
Mock Exam 4,22,"Which T-norm operator is the most restrictive, yielding a non-zero result only when at
least one of the fuzzy sets has a full membership grade of 1?",Minimum (T_min),Algebraic Product (T_ap),Bounded Product (T_bp),Drastic Product (T_dp),D,Lecture_W5L53_Lecture_24__T_norm_Operators,Medium
Mock Exam 4,23,"In parameterized S-norms, what is the general effect of increasing the parameter `w`
(for Yager's class) or `λ` (for Dombi's class)?","The resulting membership values of the union increase, making it more aggressive.","The resulting membership values of the union decrease, making it more restrictive.",The operator converges to the algebraic sum.,The operator converges to the drastic sum.,B,Lecture_W6L59_Lecture_27__Parameterized_S_Norm_Operators,Hard
Mock Exam 4,24,"What is the standard computational rule for determining the degree of membership for
an ordered pair `(x, y)` in a Fuzzy Cartesian Product `A × B`?","`max(µA(x), µB(y))`","`min(µA(x), µB(y))`",`µA(x) + µB(y)`,`µA(x) * µB(y)`,B,Lecture_W6L61_Lecture_29__Fuzzy_Relation__Part_II_,Easy
Mock Exam 4,25,"When performing a Projection of a fuzzy relation `R(x, y)` onto `A` (eliminating `y`), how
is the membership function `µ_RA(x)` calculated?","`min_y(µ_R(x, y))`","`sum_y(µ_R(x, y))`","`max_y(µ_R(x, y))`","`avg_y(µ_R(x, y))`",C,Lecture_W7L66_Lecture_31__Projection_of_Fuzzy_Relation_Set,Medium
Mock Exam 4,26,"Is the process of Projection followed by Cylindrical Extension a reversible operation in
fuzzy logic?","Yes, it always perfectly reconstructs the original fuzzy relation.","No, because information is lost during the projection step.",Only if the original fuzzy relation was a crisp set.,Only if the fuzzy relation is one-dimensional.,B,Lecture_W7L67_Lecture_32__Cylindrical_Extension_of_Fuzzy_Set,Medium
Mock Exam 4,27,"The Extension Principle resolves conflicts in many-to-one mappings by assigning
which membership value to the target element?",The minimum of the membership values from all source elements.,The average of the membership values from all source elements.,The maximum of the membership values from all source elements.,The product of the membership values from all source elements.,C,Lecture_W7L70_Lecture_35__Extension_Principle,Medium
Mock Exam 4,28,"Which property of fuzzy relation composition states that `R o (S1 ∩ S2) ⊆ (R o S1) ∩ (R
o S2)`?",Associativity,Distributivity over Union,Weak Distributivity over Intersection,Monotonicity,C,Lecture_W8L75_Lecture_37__Properties_of_Composition_of_Fuzzy_Rel,Hard
Mock Exam 4,29,"A fuzzy relation `R` is classified as a Fuzzy Equivalence Relation if it satisfies which
three properties?","Reflexivity, Symmetry, and Anti-symmetry.","Reflexivity, Symmetry, and Transitivity.","Anti-reflexivity, Symmetry, and Transitivity.","Reflexivity, Anti-symmetry, and Transitivity.",B,Lecture_W8L77_Lecture_39__Fuzzy_Tolerance_and_Equivalence_Relati,Easy
Mock Exam 4,30,How is the linguistic hedge 'very' typically modeled mathematically in fuzzy logic?,By taking the square root of the membership function (`µ^0.5`).,By squaring the membership function (`µ^2`).,By taking the complement of the membership function (`1 - µ`).,By multiplying the membership function by a constant.,B,Lecture_W9L82_Lecture_41__Linguistic_Hedges,Easy
Mock Exam 5,1,What is the core characteristic of fuzzy logic that distinguishes it from bivalent logic?,It only uses 0s and 1s.,It allows for degrees of truth between 0 and 1.,It exclusively deals with precise mathematical statements.,It is a subset of Boolean logic.,B,Lecture_W1L18_Lecture_1__Introduction___Fuzzy_Sets__Logic_and_Sy,Easy
Mock Exam 5,2,"In fuzzy set theory, what does a membership value of 1 for an element `x` in fuzzy set `A`
signify?",The element is not a member of the set.,The element is a full member of the set.,The element is a partial member of the set.,The element is at a crossover point.,B,Lecture_W1L20_Lecture_3__Fuzzy_Sets_and_Fuzzy_Logic_Toolbox_in_M,Easy
Mock Exam 5,3,"Which component of a Fuzzy Inference System (FIS) is responsible for converting a
crisp input into a fuzzy value?",Defuzzifier,Inference Engine,Fuzzifier,Fuzzy Rule Base,C,Lecture_W10L94_Lecture_50__Fuzzy_Inference_System,Easy
Mock Exam 5,4,What is the primary operation used for fuzzy set union (`A ∪ B`)?,"`min(µA(x), µB(x))`","`max(µA(x), µB(x))`",`1 - µA(x)`,`µA(x) - µB(x)`,B,Lecture_W3L34_Lecture_11__Set_Theoretic_Operations_on_Fuzzy_Sets,Easy
Mock Exam 5,5,Which property of fuzzy sets states that `(A')' = A`?,Idempotency,Commutativity,Involution,Law of Excluded Middle,C,Lecture_W3L35_Lecture_12__Properties_of_Fuzzy_Sets__Part_I_,Easy
Mock Exam 5,6,What is the default power `k` used for Normal Concentration of a fuzzy set?,0.5,1,2,8,C,Lecture_W9L84_Lecture_43__Concentration_and_Dilation___Composite,Easy
Mock Exam 5,7,"What is the standard operator used to determine the membership grade of an ordered
pair `(x, y)` in a fuzzy Cartesian product `A × B`?","`max(µA(x), µB(y))`","`min(µA(x), µB(y))`",`µA(x) + µB(y)`,`µA(x) * µB(y)`,B,Lecture_W6L61_Lecture_29__Fuzzy_Relation__Part_II_,Easy
Mock Exam 5,8,A fuzzy set is considered 'Normal' if its height is equal to what value?,0,0.5,1,Any value greater than 0,C,Lecture_W2L27_Lecture_7__Nomenclatures_used_in_Fuzzy_Set_Theory_,Easy
Mock Exam 5,9,"In the Mamdani Fuzzy Model, what type of output is produced by each rule's implication
step?",A crisp numerical value,A fuzzy set,A Boolean value (True/False),A probability distribution,B,Lecture_W11L98_Lecture_51__Mamdani_Fuzzy_Model__Part_I_,Easy
Mock Exam 5,10,"Which of the following is a key characteristic of the TSK Fuzzy Model's consequent
part?",It is always a triangular membership function.,It is a fuzzy set with monotonic membership.,It is a crisp mathematical polynomial function of the input variables.,It is always a constant value.,C,Lecture_W12L110_Lecture_60__TSK_Fuzzy_Model,Easy
Mock Exam 5,11,"According to the lecture, which of the following is NOT a scenario where fuzzy logic is
generally recommended?",When the underlying physical laws are unknown (black box models).,"When the system involves human reasoning, language, or perception.",When a precise and complete mathematical model of the system already exists (white box models).,For highly complex or non-linear systems.,C,Lecture_W1L18_Lecture_1__Introduction___Fuzzy_Sets__Logic_and_Sy,Medium
Mock Exam 5,12,"Given a discrete fuzzy set `A = {0.2/10, 0.7/20, 1.0/30, 0.5/40}`, what is its Core?","`{10, 20, 30, 40}`",`{30}`,`{1.0/30}`,"`{0.7/20, 1.0/30}`",B,Lecture_W2L27_Lecture_7__Nomenclatures_used_in_Fuzzy_Set_Theory_,Medium
Mock Exam 5,13,"If fuzzy set `A = {0.6/x1, 0.9/x2}` and fuzzy set `B = {0.8/x1, 0.7/x2}`, what is `A ∩ B` using
the standard fuzzy intersection?","`{0.6/x1, 0.7/x2}`","`{0.8/x1, 0.9/x2}`","`{0.48/x1, 0.63/x2}`","`{1.4/x1, 1.6/x2}`",A,Lecture_W3L34_Lecture_11__Set_Theoretic_Operations_on_Fuzzy_Sets,Medium
Mock Exam 5,14,Which two fundamental laws of classical set theory are VIOLATED by fuzzy sets?,Commutativity and Associativity,Idempotency and Involution,Law of Contradiction and Law of Excluded Middle,Distributivity and De Morgan's Laws,C,Lecture_W3L35_Lecture_12__Properties_of_Fuzzy_Sets__Part_I_,Medium
Mock Exam 5,15,"What is the primary difference in how the Larsen Fuzzy Model generates its output
fuzzy set compared to the Mamdani Fuzzy Model?","Larsen uses a crisp output, while Mamdani uses a fuzzy output.","Larsen truncates the consequent fuzzy set, while Mamdani scales it.","Larsen scales the consequent fuzzy set, while Mamdani truncates it.","Larsen uses the product operator, while Mamdani uses the min operator for implication.",C,Lecture_W12L106_Lecture_56__Larsen_Fuzzy_Model__Part_I_,Medium
Mock Exam 5,16,"What is the purpose of the `max` operation in the formula for calculating the
membership grade of a fuzzy distance `µ_d(A,",To find the weakest link between elements.,To sum all possible distances.,To aggregate the strongest evidence from all contributing element pairs for a specific `δ`.,To ensure the distance is always a crisp number.,C,Lecture_W4L44_Lecture_18__Distance_between_Fuzzy_Sets__Part_II_,Medium
Mock Exam 5,17,"Which of the following is a property that a function must satisfy to be considered a
valid T-norm operator?",It must be non-monotonic.,"It must satisfy `T(a, 0) = a`.",It must be associative.,It must be non-commutative.,C,Lecture_W5L53_Lecture_24__T_norm_Operators,Medium
Mock Exam 5,18,"When applying the Extension Principle, if multiple `x` values map to the same `y` value,
how is the membership of `y` in the new fuzzy set `B` determined?",By taking the average of the membership values from all contributing `x` values.,By taking the minimum of the membership values from all contributing `x` values.,By taking the maximum of the membership values from all contributing `x` values.,By discarding the `y` value as ambiguous.,C,Lecture_W7L70_Lecture_35__Extension_Principle,Medium
Mock Exam 5,19,"What are the two properties a fuzzy relation must satisfy to be classified as a Fuzzy
Tolerance Relation?",Reflexivity and Transitivity,Symmetry and Transitivity,Reflexivity and Symmetry,Anti-reflexivity and Anti-symmetry,C,Lecture_W8L76_Lecture_38__Fuzzy_Tolerance_and_Equivalence_Relati,Medium
Mock Exam 5,20,"In the context of linguistic hedges, what mathematical operation corresponds to the
hedge 'more or less'?",Squaring the membership function.,Taking the complement of the membership function.,Taking the square root of the membership function.,Multiplying the membership function by a constant greater than 1.,C,Lecture_W9L83_Lecture_42__Linguistic_Hedges_and_Negation__Comple,Medium
Mock Exam 5,21,"A fuzzy set `A` is defined as `A = {0.3/1, 0.6/2, 0.9/3}`. If this set is normalized, what will
be the new membership value for the element `1`?",0.3,0.1,0.333,0.6,C,Lecture_W2L28_Lecture_8__Nomenclatures_used_in_Fuzzy_Set_Theory_,Medium
Mock Exam 5,22,"What is the primary method used in the Tsukamoto Fuzzy Model to aggregate the crisp
outputs from all applicable rules?",Centroid of Area,Maximum of the outputs,Weighted average,Summation of outputs,C,Lecture_W12L109_Lecture_59__Tsukamoto_Fuzzy_Model,Medium
Mock Exam 5,23,"Given fuzzy relations R1 (on X×Y) and R2 (on Y×Z), which of the following statements
about Max-Min Composition `R1 o R2` is TRUE?","The resulting relation `R'` will be on X×Z and its elements are calculated as `min_y [ max(µ_R1(x, y),
µ_R2(y, z)) ]`.","The resulting relation `R'` will be on X×Z and its elements are calculated as `max_y [ min(µ_R1(x, y),
µ_R2(y, z)) ]`.","The resulting relation `R'` will be on Y×Z and its elements are calculated as `max_y [ min(µ_R1(x, y),
µ_R2(y, z)) ]`.",The composition is only possible if the number of rows in R1 equals the number of columns in R2.,B,Lecture_W8L74_Lecture_36__Composition_of_Fuzzy_Relations,Hard
Mock Exam 5,24,"Consider the statement: `R o (S1 ∩ S2) = (R o S1) ∩ (R o S2)`. According to the lecture,
how does this property behave for fuzzy relations using max-min composition?",It holds true as an equality.,It holds true as an equality only if R is a crisp relation.,"It is a 'weak' distributivity, where `R o (S1 ∩ S2) ⊆ (R o S1) ∩ (R o S2)`.",It is completely violated and no inclusion relationship exists.,C,Lecture_W8L75_Lecture_37__Properties_of_Composition_of_Fuzzy_Rel,Hard
Mock Exam 5,25,"You are given a fuzzy relation `R` that is reflexive and symmetric but fails the
transitivity test. What is the method described in the lecture to convert `R` into a Fuzzy
Equivalence Relation?",Applying the complement operation repeatedly until it becomes transitive.,"Performing iterative self-composition (`R ■ R`, `R² ■ R`, etc.) using max-min composition.",Normalizing the fuzzy relation to ensure all membership values are 1.,Projecting the fuzzy relation onto a lower dimension.,B,Lecture_W8L78_Lecture_40__Fuzzy_Tolerance_and_Equivalence_Relati,Hard
Mock Exam 5,26,"In the context of fuzzy arithmetic, what is a key difference between fuzzy addition and
fuzzy multiplication regarding the properties of the resulting fuzzy set?",Both operations always result in a fuzzy number.,"Fuzzy addition is commutative, but fuzzy multiplication is not.","Fuzzy multiplication may not always result in a fuzzy number (e.g., it might not be normal), while
addition typically does.",Both operations are non-commutative.,C,Lecture_W5L51_Lecture_22__Arithmetic_Operations_on_Fuzzy_Numbers,Hard
Mock Exam 5,27,"A fuzzy set `A` is defined by `µA(x)`. If you apply Contrast Intensification (INT) to `A`,
what happens to `µA(x)` values that are less than 0.5?","They are increased, pushing them closer to 1.","They are decreased, pushing them closer to 0.",They remain unchanged.,They are set to 0.5.,B,Lecture_W10L90_Lecture_46__Contrast_Intensification_of_Fuzzy_Sets,Hard
Mock Exam 5,28,"Which of the following statements accurately describes the behavior of Yager's Class
of S-Norm (`S_w(a, b)`) as the parameter `w` increases?","The resulting membership grade of the union increases, making it more aggressive.","The resulting membership grade of the union decreases, making it more restrictive.",The behavior is unpredictable and non-monotonic.,It converges to the algebraic product as `w` increases.,B,Lecture_W6L59_Lecture_27__Parameterized_S_Norm_Operators,Hard
Mock Exam 5,29,What is the primary purpose of Cylindrical Extension in fuzzy logic?,To reduce the dimensionality of a fuzzy set.,To combine two fuzzy sets using the max-min composition.,"To expand a fuzzy set into a higher-dimensional space, making its membership independent of the
new dimension(s).",To convert a fuzzy set into a crisp value.,C,Lecture_W7L67_Lecture_32__Cylindrical_Extension_of_Fuzzy_Set,Hard
Mock Exam 5,30,"A fuzzy term set `{t1, t2, t3}` is defined over a universe `X`. If this term set is orthogonal,
what must be true for any element `x ∈ X`?","The maximum membership grade of `x` across all fuzzy sets `t1, t2, t3` is 1.","The sum of its membership grades across all fuzzy sets `t1, t2, t3` is exactly 1.","The minimum membership grade of `x` across all fuzzy sets `t1, t2, t3` is 0.","All fuzzy sets `t1, t2, t3` must be subnormal.",B,Lecture_W10L91_Lecture_47__Orthogonality_of_Fuzzy_Sets,Hard
